[
    {
      "name":"Gallery1",
      "thumbnail":"../img/resorts-bg.webp",
      "category":"Rooms"
    },
    {
      "name":"Gallery2",
      "thumbnail":"../img/resorts-bg.webp",
      "category":"Rooms"
    },
    {
      "name":"Gallery3",
      "thumbnail":"../img/resorts-bg.webp",
      "category":"Garden"
    },
    {
      "name":"Gallery4",
      "thumbnail":"../img/resorts-bg.webp",
      "category":"Rooms"
    },
    {
      "name":"Gallery5",
      "thumbnail":"../img/resorts-bg.webp",
      "category":"Garden"
    },
    {
      "name":"Gallery6",
      "thumbnail":"../img/resorts-bg.webp",
      "category":"Restaurant"
    },
    {
      "name":"Gallery7",
      "thumbnail":"../img/resorts-bg.webp",
      "category":"Restaurant"
    },
    {
      "name":"Gallery8",
      "thumbnail":"../img/resorts-bg.webp",
      "category":"Rooms"
    },
    {
      "name":"Gallery9",
      "thumbnail":"../img/resorts-bg.webp",
      "category":"Garden"
    }
  ]